<?xml version="1.0"?>
<asset assetType="animationClip" duration="0.083" playMode="PlayOnce">
	<!--vso: 4-->
	<track additive="false" binding=":scale2d" name=":scale2d" resetToDefault="false" type="fPoint">
		<x offset="1" similar="false">
			<key fixedGrad="true" lgrad.lower="0" lgrad.upper="0" rgrad.lower="-0.267" rgrad.upper="-0.267" time="0" value.lower="-5.215e-08" value.upper="-5.215e-08" />
			<key fixedGrad="false" lgrad.lower="0" lgrad.upper="0" rgrad.lower="0" rgrad.upper="0" time="1" value.lower="-0.1" value.upper="-0.1" />
		</x>
		<y offset="1" similar="false">
			<key fixedGrad="true" lgrad.lower="0" lgrad.upper="0" rgrad.lower="-0.267" rgrad.upper="-0.267" time="0" value.lower="0" value.upper="0" />
			<key fixedGrad="false" lgrad.lower="0" lgrad.upper="0" rgrad.lower="0" rgrad.upper="0" time="1" value.lower="-0.1" value.upper="-0.1" />
		</y>
	</track>
</asset>
